t,S
-1.000000000000000056e-01,4.000000000000000000e+00
-9.979999999999999982e-02,3.874179694005206898e+00
-9.959999999999999409e-02,3.504673226094102922e+00
-9.939999999999998836e-02,2.914838605377735092e+00
-9.919999999999998264e-02,2.141953634928459138e+00
-9.899999999999997691e-02,1.234848428599327974e+00
-9.879999999999997118e-02,2.508052898597569191e-01
-9.859999999999996545e-02,-7.480762795401363352e-01
-9.839999999999995972e-02,-1.698817661434819826e+00
-9.819999999999995399e-02,-2.541551351119748947e+00
-9.799999999999994826e-02,-3.223309296215313591e+00
-9.779999999999994253e-02,-3.701368459360810270e+00
-9.759999999999993681e-02,-3.945941263498376816e+00
-9.739999999999993108e-02,-3.942040664286877050e+00
-9.719999999999992535e-02,-3.690402505955296064e+00
-9.699999999999991962e-02,-3.207408147144375388e+00
-9.679999999999991389e-02,-2.524014213229398784e+00
-9.659999999999990816e-02,-1.683759641773742599e+00
-9.639999999999990243e-02,-7.399788822147065348e-01
-9.619999999999989670e-02,2.475995616609129035e-01
-9.599999999999989098e-02,1.216651303258700079e+00
-9.579999999999988525e-02,2.106208288893682390e+00
-9.559999999999987952e-02,2.860513237438257139e+00
-9.539999999999987379e-02,3.432531453455061499e+00
-9.519999999999986806e-02,3.786897760658131329e+00
-9.499999999999986233e-02,3.902113032590301511e+00
-9.479999999999985660e-02,3.771853262559837106e+00
-9.459999999999985087e-02,3.405311171729479280e+00
-9.439999999999984515e-02,2.826552318298209965e+00
-9.419999999999983942e-02,2.072930555342603398e+00
-9.399999999999983369e-02,1.192667458968521554e+00
-9.379999999999982796e-02,2.417531959015183640e-01
-9.359999999999982223e-02,-7.196311357384451712e-01
-9.339999999999981650e-02,-1.630940059310371781e+00
-9.319999999999981077e-02,-2.435094737354348560e+00
-9.299999999999980504e-02,-3.082074913580825637e+00
-9.279999999999979932e-02,-3.532044680158482830e+00
-9.259999999999979359e-02,-3.757815837717746632e+00
-9.239999999999978786e-02,-3.746495857911121163e+00
-9.219999999999978213e-02,-3.500220243865560743e+00
-9.199999999999977640e-02,-3.035927981628828487e+00
-9.179999999999977067e-02,-2.384199980928430662e+00
-9.159999999999976494e-02,-1.587239984206810783e+00
-9.139999999999975921e-02,-6.961315734300910218e-01
-9.119999999999975349e-02,2.324498103167113583e-01
-9.099999999999974776e-02,1.139857344361911773e+00
-9.079999999999974203e-02,1.969193520760627925e+00
-9.059999999999973630e-02,2.668893960000899401e+00
-9.039999999999973057e-02,3.195947593159630173e+00
-9.019999999999972484e-02,3.518551226283611832e+00
-8.999999999999971911e-02,3.618033988749873586e+00
-8.979999999999971338e-02,3.489934890382079047e+00
-8.959999999999970766e-02,3.144171540538643228e+00
-8.939999999999970193e-02,2.604296453105831244e+00
-8.919999999999969620e-02,1.905895510078094768e+00
-8.899999999999969047e-02,1.094237361565893574e+00
-8.879999999999968474e-02,2.213293618125260764e-01
-8.859999999999967901e-02,-6.574278596737033187e-01
-8.839999999999967328e-02,-1.486771168027307688e+00
-8.819999999999966755e-02,-2.215065087015362089e+00
-8.799999999999966183e-02,-2.797530004650948587e+00
-8.779999999999965610e-02,-3.199005759604760524e+00
-8.759999999999965037e-02,-3.396079414367284777e+00
-8.739999999999964464e-02,-3.378448132459959563e+00
-8.719999999999963891e-02,-3.149438037982703165e+00
-8.699999999999963318e-02,-2.725654473041937642e+00
-8.679999999999962745e-02,-2.135794645417537385e+00
-8.659999999999962172e-02,-1.418706705308863780e+00
-8.639999999999961600e-02,-6.208264332723941736e-01
-8.619999999999961027e-02,2.068389990432011050e-01
-8.599999999999960454e-02,1.011983679660699798e+00
-8.579999999999959881e-02,1.744321290672145253e+00
-8.559999999999959308e-02,2.358737803031100810e+00
-8.539999999999958735e-02,2.818080121830158546e+00
-8.519999999999958162e-02,3.095407719346461750e+00
-8.499999999999957589e-02,3.175570504584902753e+00
-8.479999999999957017e-02,3.056020711981497939e+00
-8.459999999999956444e-02,2.746816499089337338e+00
-8.439999999999955871e-02,2.269826962433316719e+00
-8.419999999999955298e-02,1.657199053167038416e+00
-8.399999999999954725e-02,9.491931601281488051e-01
-8.379999999999954152e-02,1.915330147746542866e-01
-8.359999999999953579e-02,-5.675553414028690069e-01
-8.339999999999953006e-02,-1.280423243148163248e+00
-8.319999999999952434e-02,-1.903000435314669669e+00
-8.299999999999951861e-02,-2.397527807652625853e+00
-8.279999999999951288e-02,-2.734851867662039027e+00
-8.259999999999950715e-02,-2.896141274930401632e+00
-8.239999999999950142e-02,-2.873924563639844276e+00
-8.219999999999949569e-02,-2.672392894661888896e+00
-8.199999999999948996e-02,-2.306959354206908674e+00
-8.179999999999948423e-02,-1.803113851678282753e+00
-8.159999999999947851e-02,-1.194657016658800641e+00
-8.139999999999947278e-02,-5.214348535419937036e-01
-8.119999999999946705e-02,1.732740924888309664e-01
-8.099999999999946132e-02,8.455474744041244772e-01
-8.079999999999945559e-02,1.453603659286238914e+00
-8.059999999999944986e-02,1.960405012158108029e+00
-8.039999999999944413e-02,2.335917340317870128e+00
-8.019999999999943840e-02,2.558887474519859762e+00
-7.999999999999943268e-02,2.618033988749826957e+00
-7.979999999999942695e-02,2.512585270397801107e+00
-7.959999999999942122e-02,2.252141927373997543e+00
-7.939999999999941549e-02,1.855884050413648678e+00
-7.919999999999940976e-02,1.351185326582003965e+00
-7.899999999999940403e-02,7.717327916743473848e-01
-7.879999999999939830e-02,1.552808288393371372e-01
-7.859999999999939257e-02,-4.588109291929380329e-01
-7.839999999999938685e-02,-1.032095057270552951e+00
-7.819999999999938112e-02,-1.529447844643011534e+00
-7.799999999999937539e-02,-1.921223324607267413e+00
-7.779999999999936966e-02,-2.185017621224009332e+00
-7.759999999999936393e-02,-2.306938847769019141e+00
-7.739999999999935820e-02,-2.282311433589305327e+00
-7.719999999999935247e-02,-2.115781316300317627e+00
-7.699999999999934674e-02,-1.820827420575716671e+00
-7.679999999999934102e-02,-1.418722713725233397e+00
-7.659999999999933529e-02,-9.370224628276647705e-01
-7.639999999999932956e-02,-4.076859745648418465e-01
-7.619999999999932383e-02,1.350406575675969223e-01
-7.599999999999931810e-02,6.568406639919791568e-01
-7.579999999999931237e-02,1.125498093911830200e+00
-7.559999999999930664e-02,1.512887176300321546e+00
-7.539999999999930091e-02,1.796656701102792297e+00
-7.519999999999929519e-02,1.961508831523790963e+00
-7.499999999999928946e-02,1.999999999999910738e+00
-7.479999999999928373e-02,1.912823812990557260e+00
-7.459999999999927800e-02,1.708570019072525703e+00
-7.439999999999927227e-02,1.402987333385220747e+00
-7.419999999999926654e-02,1.017809086004135555e+00
-7.399999999999926081e-02,5.792273135078330748e-01
-7.379999999999925508e-02,1.161214205497208135e-01
-7.359999999999924936e-02,-3.418392837778994608e-01
-7.339999999999924363e-02,-7.660947034324412375e-01
-7.319999999999923790e-02,-1.130973245269280669e+00
-7.299999999999923217e-02,-1.415240556923833770e+00
-7.279999999999922644e-02,-1.603324627252465939e+00
-7.259999999999922071e-02,-1.686147371668403228e+00
-7.239999999999921498e-02,-1.661519957488740706e+00
-7.219999999999920925e-02,-1.534088322328916121e+00
-7.199999999999920353e-02,-1.314844652892521726e+00
-7.179999999999919780e-02,-1.020248114351816282e+00
-7.159999999999919207e-02,-6.710221089899214286e-01
-7.139999999999918634e-02,-2.907143291502007898e-01
-7.119999999999918061e-02,9.588124927763559679e-02
-7.099999999999917488e-02,4.643351858250845954e-01
-7.079999999999916915e-02,7.921218533336270573e-01
-7.059999999999916342e-02,1.059990459271624497e+00
-7.039999999999915770e-02,1.253084792801135938e+00
-7.019999999999915197e-02,1.361747374116472731e+00
-6.999999999999914624e-02,1.381966011250003401e+00
-6.979999999999914051e-02,1.315445169994595043e+00
-6.959999999999913478e-02,1.169309379857643938e+00
-6.939999999999912905e-02,9.554694975277058244e-01
-6.919999999999912332e-02,6.897035206300073940e-01
-6.899999999999911759e-02,3.905205030960526291e-01
-6.879999999999911187e-02,7.788798562886355137e-02
-6.859999999999910614e-02,-2.280904048003835893e-01
-6.839999999999910041e-02,-5.084601496009771848e-01
-6.819999999999909468e-02,-7.465821073160026078e-01
-6.799999999999908895e-02,-9.291086232924418153e-01
-6.779999999999908322e-02,-1.046713048890776765e+00
-6.759999999999907749e-02,-1.094534241617838966e+00
-6.739999999999907176e-02,-1.072317530327421276e+00
-6.719999999999906604e-02,-9.842540758910186538e-01
-6.699999999999906031e-02,-8.385401698473788912e-01
-6.679999999999905458e-02,-6.466955236804294849e-01
-6.659999999999904885e-02,-4.226939231126063956e-01
-6.639999999999904312e-02,-1.819699169405932793e-01
-6.619999999999903739e-02,5.962906334200018810e-02
-6.599999999999903166e-02,2.868748173709909643e-01
-6.579999999999902593e-02,4.861081267483440271e-01
-6.559999999999902021e-02,6.460475472518046880e-01
-6.539999999999901448e-02,7.584102210856739079e-01
-6.519999999999900875e-02,8.183119325327274929e-01
-6.499999999999900302e-02,8.244294954149513632e-01
-6.479999999999899729e-02,7.789249251680874231e-01
-6.459999999999899156e-02,6.871465983454836390e-01
-6.439999999999898583e-02,5.571367066549143265e-01
-6.419999999999898010e-02,3.989858892443334248e-01
-6.399999999999897438e-02,2.240842978397251106e-01
-6.379999999999896865e-02,4.432307907473862635e-02
-6.359999999999896292e-02,-1.286988250698120617e-01
-6.339999999999895719e-02,-2.844104609507194792e-01
-6.319999999999895146e-02,-4.139013135765978735e-01
-6.299999999999894573e-02,-5.104135044573121505e-01
-6.279999999999894000e-02,-5.696679055699167549e-01
-6.259999999999893427e-02,-5.900106727977365573e-01
-6.239999999999892855e-02,-5.723793908905950856e-01
-6.219999999999892282e-02,-5.201001839483943012e-01
-6.199999999999891709e-02,-4.385379728491810569e-01
-6.179999999999891136e-02,-3.346308719798863351e-01
-6.159999999999890563e-02,-2.163459982335781406e-01
-6.139999999999889990e-02,-9.209739866990930557e-02
-6.119999999999889417e-02,2.983271630399409249e-02
-6.099999999999888844e-02,1.418306159331425842e-01
-6.079999999999888272e-02,2.374116698372076284e-01
-6.059999999999887699e-02,3.115780565792434231e-01
-6.039999999999887126e-02,3.610551796363553057e-01
-6.019999999999886553e-02,3.843977541321614844e-01
-5.999999999999885980e-02,3.819660112500209426e-01
-5.979999999999885407e-02,3.557814182309937956e-01
-5.959999999999884834e-02,3.092791270160764605e-01
-5.939999999999884261e-02,2.469805496851788240e-01
-5.919999999999883689e-02,1.741136591559063196e-01
-5.899999999999883116e-02,9.621063313849967380e-02
-5.879999999999882543e-02,1.871226780124894337e-02
-5.859999999999881970e-02,-5.339368491211607393e-02
-5.839999999999881397e-02,-1.158771820527943752e-01
-5.819999999999880824e-02,-1.654959780657436486e-01
-5.799999999999880251e-02,-2.001399958705050997e-01
-5.779999999999879678e-02,-2.188856996871142713e-01
-5.759999999999879106e-02,-2.219629473466274983e-01
-5.739999999999878533e-02,-2.106429675401700619e-01
-5.719999999999877960e-02,-1.870612633946885650e-01
-5.699999999999877387e-02,-1.539930639192648165e-01
-5.679999999999876814e-02,-1.146012216408567874e-01
-5.659999999999876241e-02,-7.217710695043860758e-02
-5.639999999999875668e-02,-2.989412260505855401e-02
-5.619999999999875095e-02,9.408882215133989105e-03
-5.599999999999874523e-02,4.340051853071157095e-02
-5.579999999999873950e-02,7.037662457285454032e-02
-5.559999999999873377e-02,8.932219138701381900e-02
-5.539999999999872804e-02,9.991554844564899673e-02
-5.519999999999872231e-02,1.024793819544987522e-01
-5.499999999999871658e-02,9.788696740964275556e-02
-5.479999999999871085e-02,8.743488385646999705e-02
-5.459999999999870512e-02,7.269526672057871619e-02
-5.439999999999869940e-02,5.536127224765423349e-02
-5.419999999999869367e-02,3.709889102266569066e-02
-5.399999999999868794e-02,1.941667424147352009e-02
-5.379999999999868221e-02,3.562516456772017292e-03
-5.359999999999867648e-02,-9.546376127797313177e-03
-5.339999999999867075e-02,-1.935752448621258504e-02
-5.319999999999866502e-02,-2.568174576505402942e-02
-5.299999999999865929e-02,-2.865983035519619262e-02
-5.279999999999865357e-02,-2.870343759755566299e-02
-5.259999999999864784e-02,-2.641814097096871830e-02
-5.239999999999864211e-02,-2.251754175953948195e-02
-5.219999999999863638e-02,-1.773748419226917408e-02
-5.199999999999863065e-02,-1.275868128458627730e-02
-5.179999999999862492e-02,-8.144607875174065051e-03
-5.159999999999861919e-02,-4.299504825628975777e-03
-5.139999999999861346e-02,-1.448978802892990012e-03
-5.119999999999860774e-02,3.567882573503677142e-04
-5.099999999999860201e-02,1.219548900365268656e-03
-5.079999999999859628e-02,1.353544987433110683e-03
-5.059999999999859055e-02,1.035904307866959391e-03
-5.039999999999858482e-02,5.534940813438594606e-04
-5.019999999999857909e-02,1.529505093123563182e-04
-4.999999999999857336e-02,0.000000000000000000e+00
-4.979999999999856763e-02,1.529505093165168356e-04
-4.959999999999856191e-02,5.534940813507482644e-04
-4.939999999999855618e-02,1.035904307873344908e-03
-4.919999999999855045e-02,1.353544987435099326e-03
-4.899999999999854472e-02,1.219548900358807461e-03
-4.879999999999853899e-02,3.567882573317586849e-04
-4.859999999999853326e-02,-1.448978802926136891e-03
-4.839999999999852753e-02,-4.299504825677056240e-03
-4.819999999999852180e-02,-8.144607875235061398e-03
-4.799999999999851608e-02,-1.275868128465598543e-02
-4.779999999999851035e-02,-1.773748419234034632e-02
-4.759999999999850462e-02,-2.251754175960321569e-02
-4.739999999999849889e-02,-2.641814097101468847e-02
-4.719999999999849316e-02,-2.870343759757341615e-02
-4.699999999999848743e-02,-2.865983035517595534e-02
-4.679999999999848170e-02,-2.568174576498864423e-02
-4.659999999999847597e-02,-1.935752448609720164e-02
-4.639999999999847025e-02,-9.546376127632956801e-03
-4.619999999999846452e-02,3.562516456979998494e-03
-4.599999999999845879e-02,1.941667424171533013e-02
-4.579999999999845306e-02,3.709889102292512203e-02
-4.559999999999844733e-02,5.536127224791240892e-02
-4.539999999999844160e-02,7.269526672081173813e-02
-4.519999999999843587e-02,8.743488385665378060e-02
-4.499999999999843014e-02,9.788696740975377786e-02
-4.479999999999842442e-02,1.024793819545162105e-01
-4.459999999999841869e-02,9.991554844555612658e-02
-4.439999999999841296e-02,8.932219138680334847e-02
-4.419999999999840723e-02,7.037662457252605308e-02
-4.399999999999840150e-02,4.340051853027346307e-02
-4.379999999999839577e-02,9.408882214606270611e-03
-4.359999999999839004e-02,-2.989412260564797141e-02
-4.339999999999838431e-02,-7.217710695105029883e-02
-4.319999999999837859e-02,-1.146012216414472734e-01
-4.299999999999837286e-02,-1.539930639197897855e-01
-4.279999999999836713e-02,-1.870612633950999026e-01
-4.259999999999836140e-02,-2.106429675404250246e-01
-4.239999999999835567e-02,-2.219629473466908365e-01
-4.219999999999834994e-02,-2.188856996869614213e-01
-4.199999999999834421e-02,-2.001399958701235715e-01
-4.179999999999833848e-02,-1.654959780651389656e-01
-4.159999999999833276e-02,-1.158771820519901158e-01
-4.139999999999832703e-02,-5.339368491114687698e-02
-4.119999999999832130e-02,1.871226780232524908e-02
-4.099999999999831557e-02,9.621063313962310848e-02
-4.079999999999830984e-02,1.741136591569953651e-01
-4.059999999999830411e-02,2.469805496861547101e-01
-4.039999999999829838e-02,3.092791270168642193e-01
-4.019999999999829265e-02,3.557814182315218177e-01
-3.999999999999828693e-02,3.819660112502316629e-01
-3.979999999999828120e-02,3.843977541320157676e-01
-3.959999999999827547e-02,3.610551796358362209e-01
-3.939999999999826974e-02,3.115780565783559108e-01
-3.919999999999826401e-02,2.374116698359868549e-01
-3.899999999999825828e-02,1.418306159316446713e-01
-3.879999999999825255e-02,2.983271630230827434e-02
-3.859999999999824682e-02,-9.209739867168123539e-02
-3.839999999999824110e-02,-2.163459982353286570e-01
-3.819999999999823537e-02,-3.346308719814914401e-01
-3.799999999999822964e-02,-4.385379728505247598e-01
-3.779999999999822391e-02,-5.201001839493644141e-01
-3.759999999999821818e-02,-5.723793908911036787e-01
-3.739999999999821245e-02,-5.900106727977231236e-01
-3.719999999999820672e-02,-5.696679055693479876e-01
-3.699999999999820099e-02,-5.104135044561968204e-01
-3.679999999999819527e-02,-4.139013135749726735e-01
-3.659999999999818954e-02,-2.844104609486705071e-01
-3.639999999999818381e-02,-1.286988250674387102e-01
-3.619999999999817808e-02,4.432307907728214730e-02
-3.599999999999817235e-02,2.240842978422788734e-01
-3.579999999999816662e-02,3.989858892467378904e-01
-3.559999999999816089e-02,5.571367066569923310e-01
-3.539999999999815516e-02,6.871465983470904648e-01
-3.519999999999814944e-02,7.789249251690837372e-01
-3.499999999999814371e-02,8.244294954152429078e-01
-3.479999999999813798e-02,8.183119325322575355e-01
-3.459999999999813225e-02,7.584102210844410052e-01
-3.439999999999812652e-02,6.460475472498423688e-01
-3.419999999999812079e-02,4.861081267457580402e-01
-3.399999999999811506e-02,2.868748173679246394e-01
-3.379999999999810933e-02,5.962906333862062758e-02
-3.359999999999810361e-02,-1.819699169440719688e-01
-3.339999999999809788e-02,-4.226939231159658750e-01
-3.319999999999809215e-02,-6.466955236834323051e-01
-3.299999999999808642e-02,-8.385401698498140544e-01
-3.279999999999808069e-02,-9.842540758927101896e-01
-3.259999999999807496e-02,-1.072317530328223079e+00
-3.239999999999806923e-02,-1.094534241617660664e+00
-3.219999999999806350e-02,-1.046713048889591935e+00
-3.199999999999805778e-02,-9.291086232902882047e-01
-3.179999999999805205e-02,-7.465821073129745855e-01
-3.159999999999804632e-02,-5.084601495972425056e-01
-3.139999999999804059e-02,-2.280904047961661019e-01
-3.119999999999803486e-02,7.788798563332387237e-02
-3.099999999999802913e-02,3.905205031004574945e-01
-3.079999999999802340e-02,6.897035206340923486e-01
-3.059999999999801767e-02,9.554694975311686100e-01
-3.039999999999801195e-02,1.169309379860241416e+00
-3.019999999999800622e-02,1.315445169996136254e+00
-2.999999999999800049e-02,1.381966011250344462e+00
-2.979999999999799476e-02,1.361747374115548137e+00
-2.959999999999798903e-02,1.253084792798967229e+00
-2.939999999999798330e-02,1.059990459268314256e+00
-2.919999999999797757e-02,7.921218533293363784e-01
-2.899999999999797184e-02,4.643351858200775450e-01
-2.879999999999796612e-02,9.588124927218166782e-02
-2.859999999999796039e-02,-2.907143291557313103e-01
-2.839999999999795466e-02,-6.710221089951743378e-01
-2.819999999999794893e-02,-1.020248114356463454e+00
-2.799999999999794320e-02,-1.314844652896233423e+00
-2.779999999999793747e-02,-1.534088322331426557e+00
-2.759999999999793174e-02,-1.661519957489844934e+00
-2.739999999999792601e-02,-1.686147371667993999e+00
-2.719999999999792029e-02,-1.603324627250519718e+00
-2.699999999999791456e-02,-1.415240556920434711e+00
-2.679999999999790883e-02,-1.130973245264615068e+00
-2.659999999999790310e-02,-7.660947034267555633e-01
-2.639999999999789737e-02,-3.418392837715530375e-01
-2.619999999999789164e-02,1.161214205563620150e-01
-2.599999999999788591e-02,5.792273135143367613e-01
-2.579999999999788018e-02,1.017809086010067476e+00
-2.559999999999787446e-02,1.402987333390206759e+00
-2.539999999999786873e-02,1.708570019076205426e+00
-2.519999999999786300e-02,1.912823812992668682e+00
-2.499999999999785727e-02,2.000000000000269118e+00
-2.479999999999785154e-02,1.961508831522336127e+00
-2.459999999999784581e-02,1.796656701099565323e+00
-2.439999999999784008e-02,1.512887176295492964e+00
-2.419999999999783435e-02,1.125498093905656027e+00
-2.399999999999782863e-02,6.568406639848406448e-01
-2.379999999999782290e-02,1.350406575599376324e-01
-2.359999999999781717e-02,-4.076859745725802675e-01
-2.339999999999781144e-02,-9.370224628349504981e-01
-2.319999999999780571e-02,-1.418722713731617180e+00
-2.299999999999779998e-02,-1.820827420580748202e+00
-2.279999999999779425e-02,-2.115781316303646076e+00
-2.259999999999778852e-02,-2.282311433590692662e+00
-2.239999999999778280e-02,-2.306938847768327250e+00
-2.219999999999777707e-02,-2.185017621221229334e+00
-2.199999999999777134e-02,-1.921223324602546745e+00
-2.179999999999776561e-02,-1.529447844636619758e+00
-2.159999999999775988e-02,-1.032095057262828908e+00
-2.139999999999775415e-02,-4.588109291843869841e-01
-2.119999999999774842e-02,1.552808288481922483e-01
-2.099999999999774269e-02,7.717327916829724854e-01
-2.079999999999773697e-02,1.351185326589816826e+00
-2.059999999999773124e-02,1.855884050420156139e+00
-2.039999999999772551e-02,2.252141927378735087e+00
-2.019999999999771978e-02,2.512585270400441662e+00
-1.999999999999771405e-02,2.618033988750168461e+00
-1.979999999999770832e-02,2.558887474517835603e+00
-1.959999999999770259e-02,2.335917340313557578e+00
-1.939999999999769686e-02,1.960405012151751558e+00
-1.919999999999769114e-02,1.453603659278220883e+00
-1.899999999999768541e-02,8.455474743948956373e-01
-1.879999999999767968e-02,1.732740924789851755e-01
-1.859999999999767395e-02,-5.214348535518675831e-01
-1.839999999999766822e-02,-1.194657016668044802e+00
-1.819999999999766249e-02,-1.803113851686291902e+00
-1.799999999999765676e-02,-2.306959354213187208e+00
-1.779999999999765103e-02,-2.672392894665979401e+00
-1.759999999999764531e-02,-2.873924563641466534e+00
-1.739999999999763958e-02,-2.896141274929405540e+00
-1.719999999999763385e-02,-2.734851867658457891e+00
-1.699999999999762812e-02,-2.397527807646627984e+00
-1.679999999999762239e-02,-1.903000435306628324e+00
-1.659999999999761666e-02,-1.280423243138518075e+00
-1.639999999999761093e-02,-5.675553413922573842e-01
-1.619999999999760520e-02,1.915330147855689447e-01
-1.599999999999759948e-02,9.491931601387285644e-01
-1.579999999999759375e-02,1.657199053176553916e+00
-1.559999999999758802e-02,2.269826962441162888e+00
-1.539999999999758229e-02,2.746816499095012354e+00
-1.519999999999757656e-02,3.056020711984592353e+00
-1.499999999999757083e-02,3.175570504585193632e+00
-1.479999999999756510e-02,3.095407719343894026e+00
-1.459999999999755937e-02,2.818080121824862783e+00
-1.439999999999755365e-02,2.358737803023363888e+00
-1.419999999999754792e-02,1.744321290662448787e+00
-1.399999999999754219e-02,1.011983679649605561e+00
-1.379999999999753646e-02,2.068389990314287719e-01
-1.359999999999753073e-02,-6.208264332840924826e-01
-1.339999999999752500e-02,-1.418706705319789485e+00
-1.319999999999751927e-02,-2.135794645426954741e+00
-1.299999999999751354e-02,-2.725654473049257565e+00
-1.279999999999750782e-02,-3.149438037987416283e+00
-1.259999999999750209e-02,-3.378448132461740805e+00
-1.239999999999749636e-02,-3.396079414365995142e+00
-1.219999999999749063e-02,-3.199005759600454635e+00
-1.199999999999748490e-02,-2.797530004643848045e+00
-1.179999999999747917e-02,-2.215065087005914535e+00
-1.159999999999747344e-02,-1.486771168016095990e+00
-1.139999999999746771e-02,-6.574278596613826187e-01
-1.119999999999746199e-02,2.213293618251436223e-01
-1.099999999999745626e-02,1.094237361578058954e+00
-1.079999999999745053e-02,1.905895510088984945e+00
-1.059999999999744480e-02,2.604296453114749887e+00
-1.039999999999743907e-02,3.144171540545039001e+00
-1.019999999999743334e-02,3.489934890385498534e+00
-9.999999999997427613e-03,3.618033988750084973e+00
-9.799999999997421885e-03,3.518551226280573818e+00
-9.599999999997416156e-03,3.195947593153516841e+00
-9.399999999997410427e-03,2.668893959992049147e+00
-9.199999999997404698e-03,1.969193520749611404e+00
-8.999999999997398969e-03,1.139857344349415547e+00
-8.799999999997393241e-03,2.324498103034673413e-01
-8.599999999997387512e-03,-6.961315734431925417e-01
-8.399999999997381783e-03,-1.587239984218995925e+00
-8.199999999997376054e-03,-2.384199980938872976e+00
-7.999999999997370326e-03,-3.035927981636862505e+00
-7.799999999997364597e-03,-3.500220243870689973e+00
-7.599999999997358868e-03,-3.746495857912979677e+00
-7.399999999997353139e-03,-3.757815837716201646e+00
-7.199999999997347411e-03,-3.532044680153616500e+00
-6.999999999997341682e-03,-3.082074913572935060e+00
-6.799999999997335953e-03,-2.435094737343882265e+00
-6.599999999997330224e-03,-1.630940059298016331e+00
-6.399999999997324496e-03,-7.196311357249234320e-01
-6.199999999997318767e-03,2.417531959153064181e-01
-5.999999999997313038e-03,1.192667458981702566e+00
-5.799999999997307309e-03,2.072930555354393967e+00
-5.599999999997301581e-03,2.826552318307812062e+00
-5.399999999997295852e-03,3.405311171736307152e+00
-5.199999999997290123e-03,3.771853262563421350e+00
-4.999999999997284394e-03,3.902113032590412534e+00
-4.799999999997278666e-03,3.786897760654744260e+00
-4.599999999997272937e-03,3.432531453448389058e+00
-4.399999999997267208e-03,2.860513237428718103e+00
-4.199999999997261479e-03,2.106208288881827873e+00
-3.999999999997255751e-03,1.216651303245320115e+00
-3.799999999997250022e-03,2.475995616467915050e-01
-3.599999999997244293e-03,-7.399788822286252898e-01
-3.399999999997238564e-03,-1.683759641786581218e+00
-3.199999999997232836e-03,-2.524014213240388216e+00
-2.999999999997227107e-03,-3.207408147152775779e+00
-2.799999999997221378e-03,-3.690402505960599822e+00
-2.599999999997215649e-03,-3.942040664288720020e+00
-2.399999999997209921e-03,-3.945941263496646201e+00
-2.199999999997204192e-03,-3.701368459355598883e+00
-1.999999999997198463e-03,-3.223309296206961161e+00
-1.799999999997192734e-03,-2.541551351108742640e+00
-1.599999999997187006e-03,-1.698817661421892167e+00
-1.399999999997181277e-03,-7.480762795261047815e-01
-1.199999999997175548e-03,2.508052898740629755e-01
-9.999999999971698195e-04,1.234848428612951299e+00
-7.999999999971640907e-04,2.141953634940590767e+00
-5.999999999971583620e-04,2.914838605387560566e+00
-3.999999999971526332e-04,3.504673226101008510e+00
-1.999999999971469045e-04,3.874179694008780928e+00
2.858824288409778092e-15,4.000000000000000000e+00
2.000000000028645530e-04,3.874179694001625318e+00
4.000000000028702818e-04,3.504673226087149818e+00
6.000000000028760105e-04,2.914838605367873647e+00
8.000000000028817393e-04,2.141953634916319515e+00
1.000000000002887468e-03,1.234848428585630264e+00
1.200000000002893197e-03,2.508052898454173341e-01
1.400000000002898926e-03,-7.480762795542690302e-01
1.600000000002904654e-03,-1.698817661447800331e+00
1.800000000002910383e-03,-2.541551351130765468e+00
2.000000000002916112e-03,-3.223309296223714870e+00
2.200000000002921841e-03,-3.701368459366035424e+00
2.400000000002927569e-03,-3.945941263500120755e+00
2.600000000002933298e-03,-3.942040664285025642e+00
2.800000000002939027e-03,-3.690402505949984757e+00
3.000000000002944756e-03,-3.207408147135923482e+00
3.200000000002950484e-03,-2.524014213218377378e+00
3.400000000002956213e-03,-1.683759641760805614e+00
3.600000000002961942e-03,-7.399788822007223876e-01
3.800000000002967671e-03,2.475995616750551742e-01
4.000000000002973399e-03,1.216651303272166862e+00
4.200000000002979128e-03,2.106208288905574655e+00
4.400000000002984857e-03,2.860513237447876556e+00
4.600000000002990586e-03,3.432531453461767246e+00
4.800000000002996314e-03,3.786897760661524615e+00
5.000000000003002043e-03,3.902113032590190489e+00
5.200000000003007772e-03,3.771853262556240427e+00
5.400000000003013501e-03,3.405311171722646968e+00
5.600000000003019229e-03,2.826552318288559018e+00
5.800000000003024958e-03,2.072930555330786184e+00
6.000000000003030687e-03,1.192667458955249282e+00
6.200000000003036416e-03,2.417531958876791565e-01
6.400000000003042144e-03,-7.196311357519771246e-01
6.600000000003047873e-03,-1.630940059322797175e+00
6.800000000003053602e-03,-2.435094737364843276e+00
7.000000000003059331e-03,-3.082074913588773502e+00
7.200000000003065059e-03,-3.532044680163370476e+00
7.400000000003070788e-03,-3.757815837719293395e+00
7.600000000003076517e-03,-3.746495857909251104e+00
7.800000000003082246e-03,-3.500220243860418190e+00
8.000000000003087974e-03,-3.035927981620733629e+00
8.200000000003093703e-03,-2.384199980917939499e+00
8.400000000003099432e-03,-1.587239984194611209e+00
8.600000000003105161e-03,-6.961315734169085667e-01
8.800000000003110889e-03,2.324498103299913188e-01
9.000000000003116618e-03,1.139857344374503478e+00
9.200000000003122347e-03,1.969193520771697070e+00
9.400000000003128076e-03,2.668893960009765642e+00
9.600000000003133804e-03,3.195947593165784362e+00
9.800000000003139533e-03,3.518551226286661393e+00
1.000000000000314526e-02,3.618033988749662644e+00
1.020000000000315099e-02,3.489934890378643573e+00
1.040000000000315672e-02,3.144171540532235909e+00
1.060000000000316245e-02,2.604296453096854425e+00
1.080000000000316818e-02,1.905895510067164178e+00
1.100000000000317391e-02,1.094237361553719090e+00
1.120000000000317963e-02,2.213293617998368656e-01
1.140000000000318536e-02,-6.574278596860513302e-01
1.160000000000319109e-02,-1.486771168038594659e+00
1.180000000000319682e-02,-2.215065087024844726e+00
1.200000000000320255e-02,-2.797530004658054459e+00
1.220000000000320828e-02,-3.199005759609091726e+00
1.240000000000321401e-02,-3.396079414368577076e+00
1.260000000000321974e-02,-3.378448132458167219e+00
1.280000000000322546e-02,-3.149438037977972726e+00
1.300000000000323119e-02,-2.725654473034608394e+00
1.320000000000323692e-02,-2.135794645408061854e+00
1.340000000000324265e-02,-1.418706705297903659e+00
1.360000000000324838e-02,-6.208264332606120428e-01
1.380000000000325411e-02,2.068389990550229263e-01
1.400000000000325984e-02,1.011983679671808023e+00
1.420000000000326557e-02,1.744321290681903669e+00
1.440000000000327129e-02,2.358737803038863046e+00
1.460000000000327702e-02,2.818080121835497831e+00
1.480000000000328275e-02,3.095407719349045017e+00
1.500000000000328848e-02,3.175570504584611875e+00
1.520000000000329421e-02,3.056020711978384874e+00
1.540000000000329994e-02,2.746816499083645891e+00
1.560000000000330567e-02,2.269826962425408379e+00
1.580000000000331140e-02,1.657199053157473179e+00
1.600000000000331712e-02,9.491931601175452871e-01
1.620000000000332285e-02,1.915330147636613300e-01
1.640000000000332858e-02,-5.675553414135147134e-01
1.660000000000333431e-02,-1.280423243157810198e+00
1.680000000000334004e-02,-1.903000435322754313e+00
1.700000000000334577e-02,-2.397527807658637933e+00
1.720000000000335150e-02,-2.734851867665646807e+00
1.740000000000335723e-02,-2.896141274931401721e+00
1.760000000000336295e-02,-2.873924563638221574e+00
1.780000000000336868e-02,-2.672392894657777518e+00
1.800000000000337441e-02,-2.306959354200615042e+00
1.820000000000338014e-02,-1.803113851670217649e+00
1.840000000000338587e-02,-1.194657016649518066e+00
1.860000000000339160e-02,-5.214348535321076117e-01
1.880000000000339733e-02,1.732740924987376252e-01
1.900000000000340306e-02,8.455474744133832932e-01
1.920000000000340878e-02,1.453603659294315120e+00
1.940000000000341451e-02,1.960405012164490923e+00
1.960000000000342024e-02,2.335917340322188451e+00
1.980000000000342597e-02,2.558887474521898131e+00
2.000000000000343170e-02,2.618033988749484564e+00
2.020000000000343743e-02,2.512585270395140569e+00
2.040000000000344316e-02,2.252141927369237795e+00
2.060000000000344889e-02,1.855884050407133001e+00
2.080000000000345461e-02,1.351185326574142920e+00
2.100000000000346034e-02,7.717327916656951947e-01
2.120000000000346607e-02,1.552808288304097228e-01
2.140000000000347180e-02,-4.588109292015336016e-01
2.160000000000347753e-02,-1.032095057278293648e+00
2.180000000000348326e-02,-1.529447844649451715e+00
2.200000000000348899e-02,-1.921223324612003402e+00
2.220000000000349472e-02,-2.185017621226789331e+00
2.240000000000350044e-02,-2.306938847769717249e+00
2.260000000000350617e-02,-2.282311433587915328e+00
2.280000000000351190e-02,-2.115781316296966974e+00
2.300000000000351763e-02,-1.820827420570663602e+00
2.320000000000352336e-02,-1.418722713718842288e+00
2.340000000000352909e-02,-9.370224628203417394e-01
2.360000000000353482e-02,-4.076859745570861615e-01
2.380000000000354055e-02,1.350406575753115845e-01
2.400000000000354627e-02,6.568406639991480889e-01
2.420000000000355200e-02,1.125498093918011699e+00
2.440000000000355773e-02,1.512887176305180548e+00
2.460000000000356346e-02,1.796656701106031040e+00
2.480000000000356919e-02,1.961508831525258456e+00
2.500000000000357492e-02,1.999999999999550804e+00
2.520000000000358065e-02,1.912823812988444727e+00
2.540000000000358638e-02,1.708570019068825108e+00
2.560000000000359210e-02,1.402987333380218971e+00
2.580000000000359783e-02,1.017809085998161889e+00
2.600000000000360356e-02,5.792273135012965257e-01
2.620000000000360929e-02,1.161214205430583374e-01
2.640000000000361502e-02,-3.418392837842917920e-01
2.660000000000362075e-02,-7.660947034381463405e-01
2.680000000000362648e-02,-1.130973245273980909e+00
2.700000000000363221e-02,-1.415240556927251703e+00
2.720000000000363793e-02,-1.603324627254418155e+00
2.740000000000364366e-02,-1.686147371668819561e+00
2.760000000000364939e-02,-1.661519957487634036e+00
2.780000000000365512e-02,-1.534088322326405462e+00
2.800000000000366085e-02,-1.314844652888793153e+00
2.820000000000366658e-02,-1.020248114347155122e+00
2.840000000000367231e-02,-6.710221089846315490e-01
2.860000000000367804e-02,-2.907143291446525057e-01
2.880000000000368376e-02,9.588124928309636752e-02
2.900000000000368949e-02,4.643351858301284496e-01
2.920000000000369522e-02,7.921218533379311699e-01
2.940000000000370095e-02,1.059990459274960939e+00
2.960000000000370668e-02,1.253084792803312419e+00
2.980000000000371241e-02,1.361747374117397769e+00
3.000000000000371814e-02,1.381966011249661008e+00
3.020000000000372387e-02,1.315445169993050945e+00
3.040000000000372959e-02,1.169309379855029807e+00
3.060000000000373532e-02,9.554694975242314925e-01
3.080000000000374105e-02,6.897035206259178874e-01
3.100000000000374678e-02,3.905205030916170106e-01
3.120000000000375251e-02,7.788798562438890849e-02
3.140000000000375824e-02,-2.280904048046315524e-01
3.160000000000376397e-02,-5.084601496047321811e-01
3.180000000000376970e-02,-7.465821073190406221e-01
3.200000000000377542e-02,-9.291086232946115242e-01
3.220000000000378115e-02,-1.046713048891968034e+00
3.240000000000378688e-02,-1.094534241618016823e+00
3.260000000000379261e-02,-1.072317530326616808e+00
3.280000000000379834e-02,-9.842540758893211228e-01
3.300000000000380407e-02,-8.385401698449281849e-01
3.320000000000380980e-02,-6.466955236774182270e-01
3.340000000000381553e-02,-4.226939231092487481e-01
3.360000000000382125e-02,-1.819699169370971592e-01
3.380000000000382698e-02,5.962906334539067738e-02
3.400000000000383271e-02,2.868748173740798824e-01
3.420000000000383844e-02,4.861081267509380632e-01
3.440000000000384417e-02,6.460475472537697827e-01
3.460000000000384990e-02,7.584102210869175797e-01
3.480000000000385563e-02,8.183119325331986715e-01
3.500000000000386136e-02,8.244294954146615950e-01
3.520000000000386708e-02,7.789249251670892216e-01
3.540000000000387281e-02,6.871465983438748149e-01
3.560000000000387854e-02,5.571367066528222223e-01
3.580000000000388427e-02,3.989858892419219094e-01
3.600000000000389000e-02,2.240842978371535843e-01
3.620000000000389573e-02,4.432307907218693138e-02
3.640000000000390146e-02,-1.286988250721884386e-01
3.660000000000390719e-02,-2.844104609527841609e-01
3.680000000000391291e-02,-4.139013135782290131e-01
3.700000000000391864e-02,-5.104135044584371395e-01
3.720000000000392437e-02,-5.696679055704888528e-01
3.740000000000393010e-02,-5.900106727977513232e-01
3.760000000000393583e-02,-5.723793908900833838e-01
3.780000000000394156e-02,-5.201001839474216348e-01
3.800000000000394729e-02,-4.385379728478382422e-01
3.820000000000395302e-02,-3.346308719782736252e-01
3.840000000000395874e-02,-2.163459982318222119e-01
3.860000000000396447e-02,-9.209739866812469145e-02
3.880000000000397020e-02,2.983271630568537156e-02
3.900000000000397593e-02,1.418306159346389150e-01
3.920000000000398166e-02,2.374116698384352298e-01
3.940000000000398739e-02,3.115780565801342106e-01
3.960000000000399312e-02,3.610551796368793309e-01
3.980000000000399885e-02,3.843977541323085889e-01
4.000000000000400457e-02,3.819660112498093341e-01
4.020000000000401030e-02,3.557814182304636086e-01
4.040000000000401603e-02,3.092791270152857597e-01
4.060000000000402176e-02,2.469805496841969705e-01
4.080000000000402749e-02,1.741136591548141377e-01
4.100000000000403322e-02,9.621063313737493461e-02
4.120000000000403895e-02,1.871226780016499447e-02
4.140000000000404468e-02,-5.339368491308828235e-02
4.160000000000405040e-02,-1.158771820536049907e-01
4.180000000000405613e-02,-1.654959780663502744e-01
4.200000000000406186e-02,-2.001399958708880711e-01
4.220000000000406759e-02,-2.188856996872695637e-01
4.240000000000407332e-02,-2.219629473465644653e-01
4.260000000000407905e-02,-2.106429675399142110e-01
4.280000000000408478e-02,-1.870612633942752290e-01
4.300000000000409051e-02,-1.539930639187385708e-01
4.320000000000409623e-02,-1.146012216402623185e-01
4.340000000000410196e-02,-7.217710694982515385e-02
4.360000000000410769e-02,-2.989412260446955294e-02
4.380000000000411342e-02,9.408882215664503973e-03
4.400000000000411915e-02,4.340051853115127478e-02
4.420000000000412488e-02,7.037662457318540066e-02
4.440000000000413061e-02,8.932219138722541363e-02
4.460000000000413634e-02,9.991554844574114524e-02
4.480000000000414206e-02,1.024793819544819740e-01
4.500000000000414779e-02,9.788696740953173325e-02
4.520000000000415352e-02,8.743488385628561677e-02
4.540000000000415925e-02,7.269526672034523629e-02
4.560000000000416498e-02,5.536127224739566255e-02
4.580000000000417071e-02,3.709889102240475356e-02
4.600000000000417644e-02,1.941667424123088431e-02
4.620000000000418217e-02,3.562516456562564611e-03
4.640000000000418789e-02,-9.546376127962245481e-03
4.660000000000419362e-02,-1.935752448632814884e-02
4.680000000000419935e-02,-2.568174576512007382e-02
4.700000000000420508e-02,-2.865983035521649583e-02
4.720000000000421081e-02,-2.870343759753820126e-02
4.740000000000421654e-02,-2.641814097092278976e-02
4.760000000000422227e-02,-2.251754175947571698e-02
4.780000000000422800e-02,-1.773748419219782144e-02
4.800000000000423372e-02,-1.275868128451646162e-02
4.820000000000423945e-02,-8.144607875112678391e-03
4.840000000000424518e-02,-4.299504825580629901e-03
4.860000000000425091e-02,-1.448978802859755529e-03
4.880000000000425664e-02,3.567882573691087992e-04
4.900000000000426237e-02,1.219548900371841523e-03
4.920000000000426810e-02,1.353544987431027280e-03
4.940000000000427383e-02,1.035904307860592306e-03
4.960000000000427955e-02,5.534940813371731858e-04
4.980000000000428528e-02,1.529505093079811559e-04
5.000000000000429101e-02,0.000000000000000000e+00
5.020000000000429674e-02,1.529505093206766754e-04
5.040000000000430247e-02,5.534940813576290451e-04
5.060000000000430820e-02,1.035904307879557170e-03
5.080000000000431393e-02,1.353544987437063467e-03
5.100000000000431966e-02,1.219548900352208139e-03
5.120000000000432538e-02,3.567882573130580406e-04
5.140000000000433111e-02,-1.448978802959467217e-03
5.160000000000433684e-02,-4.299504825725308441e-03
5.180000000000434257e-02,-8.144607875296380403e-03
5.200000000000434830e-02,-1.275868128472586530e-02
5.220000000000435403e-02,-1.773748419241165039e-02
5.240000000000435976e-02,-2.251754175966700147e-02
5.260000000000436549e-02,-2.641814097106081824e-02
5.280000000000437121e-02,-2.870343759759095767e-02
5.300000000000437694e-02,-2.865983035515550295e-02
5.320000000000438267e-02,-2.568174576492267616e-02
5.340000000000438840e-02,-1.935752448598163783e-02
5.360000000000439413e-02,-9.546376127467670614e-03
5.380000000000439986e-02,3.562516457189048719e-03
5.400000000000440559e-02,1.941667424195845856e-02
5.420000000000441132e-02,3.709889102318562892e-02
5.440000000000441704e-02,5.536127224817113945e-02
5.460000000000442277e-02,7.269526672104549558e-02
5.480000000000442850e-02,8.743488385683778619e-02
5.500000000000443423e-02,9.788696740986480016e-02
5.520000000000443996e-02,1.024793819545333912e-01
5.540000000000444569e-02,9.991554844546358949e-02
5.560000000000445142e-02,8.932219138659130975e-02
5.580000000000445715e-02,7.037662457219587275e-02
5.600000000000446287e-02,4.340051852983280861e-02
5.620000000000446860e-02,9.408882214077880779e-03
5.640000000000447433e-02,-2.989412260623808618e-02
5.660000000000448006e-02,-7.217710695166482116e-02
5.680000000000448579e-02,-1.146012216420407431e-01
5.700000000000449152e-02,-1.539930639203168916e-01
5.720000000000449725e-02,-1.870612633955132664e-01
5.740000000000450298e-02,-2.106429675406806812e-01
5.760000000000450870e-02,-2.219629473467534531e-01
5.780000000000451443e-02,-2.188856996868067673e-01
5.800000000000452016e-02,-2.001399958697395454e-01
5.820000000000452589e-02,-1.654959780645309242e-01
5.840000000000453162e-02,-1.158771820511811657e-01
5.860000000000453735e-02,-5.339368491017268403e-02
5.880000000000454308e-02,1.871226780340709203e-02
5.900000000000454881e-02,9.621063314074786155e-02
5.920000000000455453e-02,1.741136591580895454e-01
5.940000000000456026e-02,2.469805496871349260e-01
5.960000000000456599e-02,3.092791270176556973e-01
5.980000000000457172e-02,3.557814182320512830e-01
6.000000000000457745e-02,3.819660112504432714e-01
6.020000000000458318e-02,3.843977541318679414e-01
6.040000000000458891e-02,3.610551796353135834e-01
6.060000000000459464e-02,3.115780565774631250e-01
6.080000000000460036e-02,2.374116698347644994e-01
6.100000000000460609e-02,1.418306159301451208e-01
6.120000000000461182e-02,2.983271630061361951e-02
6.140000000000461755e-02,-9.209739867346246334e-02
6.160000000000462328e-02,-2.163459982370878609e-01
6.180000000000462901e-02,-3.346308719830985989e-01
6.200000000000463474e-02,-4.385379728518700171e-01
6.220000000000464047e-02,-5.201001839503385238e-01
6.240000000000464619e-02,-5.723793908916142703e-01
6.260000000000465192e-02,-5.900106727977079135e-01
6.280000000000465765e-02,-5.696679055687761117e-01
6.300000000000466338e-02,-5.104135044550743849e-01
6.320000000000466911e-02,-4.139013135733380366e-01
6.340000000000467484e-02,-2.844104609466102107e-01
6.360000000000468057e-02,-1.286988250650623333e-01
6.380000000000468630e-02,4.432307907983878276e-02
6.400000000000469202e-02,2.240842978448456813e-01
6.420000000000469775e-02,3.989858892491543463e-01
6.440000000000470348e-02,5.571367066590804384e-01
6.460000000000470921e-02,6.871465983486992890e-01
6.480000000000471494e-02,7.789249251700840482e-01
6.500000000000472067e-02,8.244294954155333421e-01
6.520000000000472640e-02,8.183119325317840254e-01
6.540000000000473213e-02,7.584102210832007751e-01
6.560000000000473785e-02,6.460475472478777181e-01
6.580000000000474358e-02,4.861081267431580644e-01
6.600000000000474931e-02,2.868748173648420496e-01
6.620000000000475504e-02,5.962906333522344920e-02
6.640000000000476077e-02,-1.819699169475546552e-01
6.660000000000476650e-02,-4.226939231193295177e-01
6.680000000000477223e-02,-6.466955236864496692e-01
6.700000000000477796e-02,-8.385401698522610969e-01
6.720000000000478368e-02,-9.842540758944094970e-01
6.740000000000478941e-02,-1.072317530329025992e+00
6.760000000000479514e-02,-1.094534241617482584e+00
6.780000000000480087e-02,-1.046713048888398223e+00
6.800000000000480660e-02,-9.291086232881227147e-01
6.820000000000481233e-02,-7.465821073099304650e-01
6.840000000000481806e-02,-5.084601495934877313e-01
6.860000000000482379e-02,-2.280904047919265210e-01
6.880000000000482951e-02,7.788798563780728601e-02
6.900000000000483524e-02,3.905205031048847863e-01
6.920000000000484097e-02,6.897035206381824102e-01
6.940000000000484670e-02,9.554694975346488262e-01
6.960000000000485243e-02,1.169309379862851550e+00
6.980000000000485816e-02,1.315445169997683683e+00
7.000000000000486389e-02,1.381966011250685966e+00
7.020000000000486962e-02,1.361747374114622433e+00
7.040000000000487534e-02,1.253084792796786529e+00
7.060000000000488107e-02,1.059990459264985585e+00
7.080000000000488680e-02,7.921218533250230509e-01
7.100000000000489253e-02,4.643351858150441269e-01
7.120000000000489826e-02,9.588124926672096648e-02
7.140000000000490399e-02,-2.907143291612903080e-01
7.160000000000490972e-02,-6.710221090004536704e-01
7.180000000000491545e-02,-1.020248114361133940e+00
7.200000000000492117e-02,-1.314844652899949118e+00
7.220000000000492690e-02,-1.534088322333940546e+00
7.240000000000493263e-02,-1.661519957490954491e+00
7.260000000000493836e-02,-1.686147371667580552e+00
7.280000000000494409e-02,-1.603324627248562173e+00
7.300000000000494982e-02,-1.415240556917030990e+00
7.320000000000495555e-02,-1.130973245259925042e+00
7.340000000000496128e-02,-7.660947034210394690e-01
7.360000000000496700e-02,-3.418392837651733074e-01
7.380000000000497273e-02,1.161214205630377028e-01
7.400000000000497846e-02,5.792273135208736434e-01
7.420000000000498419e-02,1.017809086016029152e+00
7.440000000000498992e-02,1.402987333395217195e+00
7.460000000000499565e-02,1.708570019079896696e+00
7.480000000000500138e-02,1.912823812994785655e+00
7.500000000000500711e-02,2.000000000000628386e+00
7.520000000000501283e-02,1.961508831520871743e+00
7.540000000000501856e-02,1.796656701096319919e+00
7.560000000000502429e-02,1.512887176290648616e+00
7.580000000000503002e-02,1.125498093899461649e+00
7.600000000000503575e-02,6.568406639776646072e-01
7.620000000000504148e-02,1.350406575522383468e-01
7.640000000000504721e-02,-4.076859745803435020e-01
7.660000000000505294e-02,-9.370224628422590962e-01
7.680000000000505866e-02,-1.418722713738020724e+00
7.700000000000506439e-02,-1.820827420585805267e+00
7.720000000000507012e-02,-2.115781316306990512e+00
7.740000000000507585e-02,-2.282311433592083993e+00
7.760000000000508158e-02,-2.306938847767632250e+00
7.780000000000508731e-02,-2.185017621218445782e+00
7.800000000000509304e-02,-1.921223324597800541e+00
7.820000000000509877e-02,-1.529447844630193121e+00
7.840000000000510449e-02,-1.032095057255080217e+00
7.860000000000511022e-02,-4.588109291757742070e-01
7.880000000000511595e-02,1.552808288570934059e-01
7.900000000000512168e-02,7.717327916916417729e-01
7.920000000000512741e-02,1.351185326597655001e+00
7.940000000000513314e-02,1.855884050426683363e+00
7.960000000000513887e-02,2.252141927383504605e+00
7.980000000000514460e-02,2.512585270403094651e+00
8.000000000000515032e-02,2.618033988750509522e+00
8.020000000000515605e-02,2.558887474515804783e+00
8.040000000000516178e-02,2.335917340309230372e+00
8.060000000000516751e-02,1.960405012145361558e+00
8.080000000000517324e-02,1.453603659270160220e+00
8.100000000000517897e-02,8.455474743856187247e-01
8.120000000000518470e-02,1.732740924691077988e-01
8.140000000000519043e-02,-5.214348535617729929e-01
8.160000000000519615e-02,-1.194657016677336259e+00
8.180000000000520188e-02,-1.803113851694341463e+00
8.200000000000520761e-02,-2.306959354219486169e+00
8.220000000000521334e-02,-2.672392894670081898e+00
8.240000000000521907e-02,-2.873924563643093233e+00
8.260000000000522480e-02,-2.896141274928402787e+00
8.280000000000523053e-02,-2.734851867654856772e+00
8.300000000000523626e-02,-2.397527807640610131e+00
8.320000000000524198e-02,-1.903000435298560333e+00
8.340000000000524771e-02,-1.280423243128860911e+00
8.360000000000525344e-02,-5.675553413815903614e-01
8.380000000000525917e-02,1.915330147965402796e-01
8.400000000000526490e-02,9.491931601493424075e-01
8.420000000000527063e-02,1.657199053186137583e+00
8.440000000000527636e-02,2.269826962449049024e+00
8.460000000000528209e-02,2.746816499100714903e+00
8.480000000000528781e-02,3.056020711987696092e+00
8.500000000000529354e-02,3.175570504585483178e+00
8.520000000000529927e-02,3.095407719341305430e+00
8.540000000000530500e-02,2.818080121819539485e+00
8.560000000000531073e-02,2.358737803015584333e+00
8.580000000000531646e-02,1.744321290652720347e+00
8.600000000000532219e-02,1.011983679638475131e+00
8.620000000000532792e-02,2.068389990195952377e-01
8.640000000000533364e-02,-6.208264332958512988e-01
8.660000000000533937e-02,-1.418706705330771589e+00
8.680000000000534510e-02,-2.135794645436402739e+00
8.700000000000535083e-02,-2.725654473056600136e+00
8.720000000000535656e-02,-3.149438037992151607e+00
8.740000000000536229e-02,-3.378448132463530040e+00
8.760000000000536802e-02,-3.396079414364699733e+00
8.780000000000537375e-02,-3.199005759596134091e+00
8.800000000000537947e-02,-2.797530004636731960e+00
8.820000000000538520e-02,-2.215065086996417243e+00
8.840000000000539093e-02,-1.486771168004836552e+00
8.860000000000539666e-02,-6.574278596490100712e-01
8.880000000000540239e-02,2.213293618378016914e-01
8.900000000000540812e-02,1.094237361590251423e+00
8.920000000000541385e-02,1.905895510099930856e+00
8.940000000000541958e-02,2.604296453123706279e+00
8.960000000000542530e-02,3.144171540551454758e+00
8.980000000000543103e-02,3.489934890388937561e+00
9.000000000000543676e-02,3.618033988750296359e+00
9.020000000000544249e-02,3.518551226277518484e+00
9.040000000000544822e-02,3.195947593147377308e+00
9.060000000000545395e-02,2.668893959983169584e+00
9.080000000000545968e-02,1.969193520738526493e+00
9.100000000000546541e-02,1.139857344336854483e+00
9.120000000000547113e-02,2.324498102901677021e-01
9.140000000000547686e-02,-6.961315734563492397e-01
9.160000000000548259e-02,-1.587239984231219703e+00
9.180000000000548832e-02,-2.384199980949379682e+00
9.200000000000549405e-02,-3.035927981644937379e+00
9.220000000000549978e-02,-3.500220243875840520e+00
9.240000000000550551e-02,-3.746495857914844407e+00
9.260000000000551124e-02,-3.757815837714652663e+00
9.280000000000551696e-02,-3.532044680148719529e+00
9.300000000000552269e-02,-3.082074913565003182e+00
9.320000000000552842e-02,-2.435094737333372450e+00
9.340000000000553415e-02,-1.630940059285621579e+00
9.360000000000553988e-02,-7.196311357113714946e-01
9.380000000000554561e-02,2.417531959291661370e-01
9.400000000000555134e-02,1.192667458994945529e+00
9.420000000000555707e-02,2.072930555366228500e+00
9.440000000000556279e-02,2.826552318317439916e+00
9.460000000000556852e-02,3.405311171743149679e+00
9.480000000000557425e-02,3.771853262567023801e+00
9.500000000000557998e-02,3.902113032590524000e+00
9.520000000000558571e-02,3.786897760651346534e+00
9.540000000000559144e-02,3.432531453441671765e+00
9.560000000000559717e-02,2.860513237419123111e+00
9.580000000000560290e-02,2.106208288869917400e+00
9.600000000000560862e-02,1.216651303231883308e+00
9.620000000000561435e-02,2.475995616326247262e-01
9.640000000000562008e-02,-7.399788822426300872e-01
9.660000000000562581e-02,-1.683759641799486229e+00
9.680000000000563154e-02,-2.524014213251429162e+00
9.700000000000563727e-02,-3.207408147161207701e+00
9.720000000000564300e-02,-3.690402505965919122e+00
9.740000000000564873e-02,-3.942040664290573204e+00
9.760000000000565445e-02,-3.945941263494905815e+00
9.780000000000566018e-02,-3.701368459350365292e+00
9.800000000000566591e-02,-3.223309296198580309e+00
9.820000000000567164e-02,-2.541551351097709244e+00
9.840000000000567737e-02,-1.698817661408890789e+00
9.860000000000568310e-02,-7.480762795120052822e-01
9.880000000000568883e-02,2.508052898884255422e-01
9.900000000000569456e-02,1.234848428626616146e+00
9.920000000000570028e-02,2.141953634952748153e+00
9.940000000000570601e-02,2.914838605397437998e+00
9.960000000000571174e-02,3.504673226107946071e+00
9.980000000000571747e-02,3.874179694012368280e+00
