w,G1,P1,G2,P2,G,P
1.000000000000000056e-01,3.980148760839957167e-01,8.428940686250034275e+01,1.999900007499375354e+00,-5.729386976834860423e-01,7.959899536652458307e-01,8.371646816481687381e+01
1.047370897959449404e-01,4.166691917422725155e-01,8.402080683681256801e+01,1.999890310444719876e+00,-6.000773784754899198e-01,8.332926792262038695e-01,8.342072945833709241e+01
1.096985797892383457e-01,4.361777343658649331e-01,8.373976570485972104e+01,1.999879673075720010e+00,-6.285013540391346520e-01,8.723029848065141367e-01,8.311126435082059061e+01
1.148951000187309196e-01,4.565766726897801386e-01,8.344573554715628916e+01,1.999868004228229745e+00,-6.582714669160024679e-01,9.130930791892760690e-01,8.278746408024028369e+01
1.203377840777589552e-01,4.779032715423422450e-01,8.313814848404345526e+01,1.999855203903182721e+00,-6.894514354065965911e-01,9.557373445563089875e-01,8.244869704863684490e+01
1.260382929679727537e-01,5.001958575899686510e-01,8.281641657858538963e+01,1.999841162411095885e+00,-7.221079888437910155e-01,1.000312265275937529e+00,8.209430858974160117e+01
1.320088400831417874e-01,5.234937720625624236e-01,8.247993185003575434e+01,1.999825759433875305e+00,-7.563110091323496098e-01,1.046896330273918263e+00,8.172362084090340772e+01
1.382622173764655737e-01,5.478373084976636553e-01,8.212806641749875780e+01,1.999808862995968717e+00,-7.921336788302437704e-01,1.095569905013484835e+00,8.133593273866851803e+01
1.448118227674533853e-01,5.732676333317692219e-01,8.176017279581567720e+01,1.999790328336132239e+00,-8.296526360574035808e-01,1.146415068685016081e+00,8.093052015975828795e+01
1.516716888470922842e-01,5.998266869490268549e-01,8.137558436829422703e+01,1.999769996670256234e+00,-8.689481365274795976e-01,1.199515411762786199e+00,8.050663623176674832e+01
1.588565129428052836e-01,6.275570625744740783e-01,8.097361606365065256e+01,1.999747693834789342e+00,-9.101042230080590434e-01,1.254955788633039138e+00,8.006351184064259030e+01
1.663816886076129042e-01,6.565018601762750983e-01,8.055356526742789924e+01,1.999723228799286323e+00,-9.532089025244921965e-01,1.312822019544438445e+00,7.960035636490340494e+01
1.742633386009649898e-01,6.867045123259243322e-01,8.011471300114864391e+01,1.999696392035539283e+00,-9.983543316319771765e-01,1.373200535692675528e+00,7.911635866951665719e+01
1.825183494319043420e-01,7.182085787661357523e-01,7.965632540550606677e+01,1.999666953729544838e+00,-1.045637010089669472e+00,1.436177960843704859e+00,7.861068839541638908e+01
1.911644075385702246e-01,7.510575062646555056e-01,7.917765556691415441e+01,1.999634661821279913e+00,-1.095157983279205327e+00,1.501840622547858439e+00,7.808249758363494664e+01
2.002200371815584523e-01,7.852943502030098610e-01,7.867794572963173039e+01,1.999599239855821109e+00,-1.147023053718019714e+00,1.570273985729009558e+00,7.753092267591371467e+01
2.097046401323232889e-01,8.209614542799053005e-01,7.815642993831851015e+01,1.999560384627818488e+00,-1.201343002024972462e+00,1.641562001284540662e+00,7.695508693629352592e+01
2.196385372416545800e-01,8.581000847211255333e-01,7.761233715811187039e+01,1.999517763599632181e+00,-1.258233817701871482e+00,1.715786362346239935e+00,7.635410334040999203e+01
2.300430119772917947e-01,8.967500155066226997e-01,7.704489492093799186e+01,1.999471012071612819e+00,-1.317816940099275191e+00,1.793025661080260846e+00,7.572707798083870046e+01
2.409403560239525011e-01,9.369490613805022683e-01,7.645333354754721711e+01,1.999419730081002156e+00,-1.380219509938094058e+00,1.873354439405052307e+00,7.507311403760911617e+01
2.523539170434765944e-01,9.787325558341651854e-01,7.583689099441184567e+01,1.999363479003759547e+00,-1.445574631759756201e+00,1.956842127846837753e+00,7.439131636265209124e+01
2.643081486974105387e-01,1.022132771883840441e+00,7.519481837281283276e+01,1.999301777831239857e+00,-1.514021647676548898e+00,2.043551868006935113e+00,7.368079672513628964e+01
2.768286630392066128e-01,1.067178284340785765e+00,7.452638618379832280e+01,1.999234099091099059e+00,-1.585706422789814996e+00,2.133539215863635707e+00,7.294067976100851070e+01
2.899422853882876461e-01,1.113893273436240117e+00,7.383089130680595247e+01,1.999159864378985851e+00,-1.660781642636408817e+00,2.226850725455458591e+00,7.217010966416954432e+01
3.036771118035458406e-01,1.162296771153628505e+00,7.310766477115863893e+01,1.999078439464586188e+00,-1.739407123012578493e+00,2.323522415472523139e+00,7.136825764814606998e+01
3.180625692794118997e-01,1.212401853473199065e+00,7.235608032790864286e+01,1.998989128932281867e+00,-1.821750132508539899e+00,2.423578124990274141e+00,7.053433019540008786e+01
3.331294787934673263e-01,1.264214783976856715e+00,7.157556382416728979e+01,1.998891170313171317e+00,-1.907985728065665576e+00,2.527027769070711916e+00,6.966757809610163577e+01
3.489101213406772817e-01,1.317734116907639308e+00,7.076560336270563312e+01,1.998783727661372911e+00,-1.998297103840405153e+00,2.633865510259219445e+00,6.876730625886523285e+01
3.654383070957256119e-01,1.372949770824006821e+00,6.992576020591721431e+01,1.998665884523411540e+00,-2.092875953623837937e+00,2.744067868110178665e+00,6.783288425229336838e+01
3.827494478516312304e-01,1.429842087402085182e+00,6.905568035500881763e+01,1.998536636245084708e+00,-2.191922847021781084e+00,2.857591795718213756e+00,6.686375750798704587e+01
4.008806328898465443e-01,1.488380893653538983e+00,6.815510670253479475e+01,1.998394881555448199e+00,-2.295647619546313578e+00,2.974372759682156087e+00,6.585945908298847939e+01
4.198707084443910054e-01,1.548524589735364332e+00,6.722389161939487678e+01,1.998239413362505434e+00,-2.404269776703827688e+00,3.094322867770209484e+00,6.481962184269106331e+01
4.397603609302719874e-01,1.610219288475185140e+00,6.626200979679757097e+01,1.998068908689761836e+00,-2.518018912085377536e+00,3.217329096474816463e+00,6.374399088471219699e+01
4.605922041145105728e-01,1.673398036513531473e+00,6.526957112048788190e+01,1.997881917677079233e+00,-2.637135139370192949e+00,3.343251678226713874e+00,6.263243598111768051e+01
4.824108704165370187e-01,1.737980150311920102e+00,6.424683331026542987e+01,1.997676851563187084e+00,-2.761869538040285565e+00,3.471922714754430928e+00,6.148496377222515008e+01
5.052631065335680960e-01,1.803870702882343746e+00,6.319421401450013320e+01,1.997451969560784413e+00,-2.892484612470533900e+00,3.603145088305332866e+00,6.030172940202960064e+01
5.291978735958442481e-01,1.870960198612658720e+00,6.211230200952676483e+01,1.997205364528507499e+00,-3.029254763901295444e+00,3.736691745488523786e+00,5.908304724562547250e+01
5.542664520663105332e-01,1.939124473628066170e+00,6.100186712046316728e+01,1.996934947337031918e+00,-3.172466774616219620e+00,3.872305428624411405e+00,5.782940034584694899e+01
5.805225516094898452e-01,2.008224857386395446e+00,5.986386845649059296e+01,1.996638429819402649e+00,-3.322420303432485067e+00,4.009698925976267425e+00,5.654144815305810567e+01
6.080224261649423978e-01,2.078108627346221038e+00,5.869946054345956554e+01,1.996313306188347347e+00,-3.479428391359882689e+00,4.148555904476062928e+00,5.522003215209966953e+01
6.368249944718588074e-01,2.148609782353671172e+00,5.750999694323087397e+01,1.995956832795885649e+00,-3.643817975994195990e+00,4.288532376100891774e+00,5.386617896723667087e+01
6.669919663030121626e-01,2.219550151783471481e+00,5.629703097538900636e+01,1.995566006103220991e+00,-3.815930412873623556e+00,4.429258831740341407e+00,5.248110056251537259e+01
6.985879746785247368e-01,2.290740846538045439e+00,5.506231320502129734e+01,1.995137538721685644e+00,-3.996122001638559684e+00,4.570343054411146078e+00,5.106619120338274342e+01
7.316807143427196403e-01,2.361984045063111992e+00,5.380778543109834544e+01,1.994667833378758637e+00,-4.184764514388241707e+00,4.711373597641233424e+00,4.962302091671009663e+01
7.663410868007458632e-01,2.433075093115093512e+00,5.253557100303380167e+01,1.994152954656999155e+00,-4.382245723115056002e+00,4.851923885837815753e+00,4.815332527991874656e+01
8.026433522257175879e-01,2.503804880871577598e+00,5.124796140587024951e+01,1.993588598348470686e+00,-4.588969922510583110e+00,4.991556862994828592e+00,4.665899148335966373e+01
8.406652885618325355e-01,2.573962446052341146e+00,4.994739918295501724e+01,1.992970058263298316e+00,-4.805358443768118271e+00,5.129830086076475837e+00,4.514204073918688920e+01
8.804883581643462298e-01,2.643337738074883259e+00,4.863645740285540597e+01,1.992292190328695423e+00,-5.031850154244449591e+00,5.266301131967708216e+00,4.360460724861095372e+01
9.221978823334326947e-01,2.711724466990915516e+00,4.731781601703588791e+01,1.991549373814839763e+00,-5.268901936979346168e+00,5.400533164194137647e+00,4.204891408005654085e+01
9.658832241158703535e-01,2.778922953040946275e+00,4.599423558793662181e+01,1.990735469526840440e+00,-5.516989143093335990e+00,5.532100489700882306e+00,4.047724644484328138e+01
1.011637979766206952e+00,2.844742888927288771e+00,4.466852898474937916e+01,1.989843774808616406e+00,-5.776606008981740814e+00,5.660593928463043767e+00,3.889192297576764190e+01
1.059560179277615921e+00,2.909005927845823347e+00,4.334353173813894955e+01,1.988866975215638266e+00,-6.048266028984094156e+00,5.785625820599085145e+00,3.729526570915485451e+01
1.109752496412072187e+00,2.971548016063746633e+00,4.202207180854105673e+01,1.987797092730299475e+00,-6.332502272821113110e+00,5.906834507240007248e+00,3.568956953571995427e+01
1.162322468679852339e+00,3.032221399107708937e+00,4.070693955072299275e+01,1.986625430417386928e+00,-6.629867635545489080e+00,6.023888142123163369e+00,3.407707191517750545e+01
1.217382727739661386e+00,3.090896244765794609e+00,3.940085864788062509e+01,1.985342513449241730e+00,-6.940935006037118882e+00,6.136487719394144946e+00,3.245992364184351686e+01
1.275051240713013456e+00,3.147461843111889923e+00,3.810645874238716857e+01,1.983938026472387817e+00,-7.266297338179446008e+00,6.244369237420547947e+00,3.084016140420772345e+01
1.335451562929898861e+00,3.201827362411833189e+00,3.682625041089863061e+01,1.982400747341582337e+00,-7.606567606774928159e+00,6.347304956103944740e+00,2.921968280412370333e+01
1.398713102647238582e+00,3.253922158751044069e+00,3.556260302475511281e+01,1.980718477315634551e+00,-7.962378627991038016e+00,6.445103743584970069e+00,2.760022439676407657e+01
1.464971398307285622e+00,3.303695655255984409e+00,3.431772591014414076e+01,1.978877967894318024e+00,-8.334382721675776651e+00,6.537610544814251412e+00,2.598334318846836410e+01
1.534368408930012473e+00,3.351116822750789925e+00,3.309365308494493263e+01,1.976864844580011882e+00,-8.723251190251920306e+00,6.624705036976701322e+00,2.437040189469301410e+01
1.607052818261639260e+00,3.396173306735957631e+00,3.189223170932086759e+01,1.974663527974176214e+00,-9.129673586108628669e+00,6.706299563490949467e+00,2.276255812321223715e+01
1.683180353330956613e+00,3.438870255151046162e+00,3.071511425311178556e+01,1.972257152770571897e+00,-9.554356736486235846e+00,6.782336458171613458e+00,2.116075751662554438e+01
1.762914118095948002e+00,3.479228907268872462e+00,2.956375426178334820e+01,1.969627485387299926e+00,-9.998023491836217858e+00,6.852784883710793196e+00,1.956573076994713389e+01
1.846424942895543486e+00,3.517285006352393051e+00,2.843940549931962636e+01,1.966754841191596270e+00,-1.046141116059282261e+01,6.917637314094181811e+00,1.797799433872680197e+01
1.933891750455231096e+00,3.553087097729276334e+00,2.734312416432151949e+01,1.963618002517637295e+00,-1.094526959029576574e+01,6.976905789614352038e+00,1.639785457402575020e+01
2.025501939230667681e+00,3.586694770230000717e+00,2.627577381615623864e+01,1.960194138961132593e+00,-1.145035885215902383e+01,7.030618066847395653e+00,1.482541496399721481e+01
2.121451784910629801e+00,3.618176893128516980e+00,2.523803261106291629e+01,1.956458731756838931e+00,-1.197744648362481179e+01,7.078813775602118774e+00,1.326058612743810627e+01
2.221946860939523649e+00,3.647609893490517674e+00,2.423040243206137134e+01,1.952385504407249117e+00,-1.252730424134188425e+01,7.121540681783356419e+00,1.170309819071948354e+01
2.327202478960408438e+00,3.675076110817423469e+00,2.325321949873084648e+01,1.947946362131559805e+00,-1.310070431557097770e+01,7.158851140623399445e+00,1.015251518315987234e+01
2.437444150122220599e+00,3.700662257645905395e+00,2.230666606020343679e+01,1.943111343140654812e+00,-1.369841495649741603e+01,7.190798809964262794e+00,8.608251103706024310e+00
2.552908068239517991e+00,3.724458006793140985e+00,2.139078280357163209e+01,1.937848585210319552e+00,-1.432119546361498941e+01,7.217435679139334148e+00,7.069587339956634686e+00
2.673841615839946506e+00,3.746554718582244980e+00,2.050548164689003983e+01,1.932124311511582260e+00,-1.496979049157821073e+01,7.238809456181190427e+00,5.535691155311829981e+00
2.800503894183631104e+00,3.767044314880881206e+00,1.965055862787181340e+01,1.925902840149855244e+00,-1.564492363008511155e+01,7.254961344999455441e+00,4.005634997786701845e+00
2.933166278390043846e+00,3.786018301274864939e+00,1.882570664346142308e+01,1.919146622343749442e+00,-1.634729022187392289e+01,7.265924235023277333e+00,2.478416421587495311e+00
3.072112998861757482e+00,3.803566934224761553e+00,1.803052783942436577e+01,1.911816314614076751e+00,-1.707754939224444968e+01,7.271721318577548665e+00,9.529784471799156442e-01
3.217641750250737065e+00,3.819778526594557189e+00,1.726454549116344239e+01,1.903870890720574804e+00,-1.783631527610836898e+01,7.272365145782906382e+00,-5.717697849449330239e-01
3.370064329271928116e+00,3.834738882424944428e+00,1.652721525587991991e+01,1.895267799337497117e+00,-1.862414744487865192e+01,7.267857122727455987e+00,-2.096932188998725355e+00
3.529707302730650031e+00,3.848530850144240567e+00,1.581793571112568131e+01,1.885963173551203909e+00,-1.944154055591889474e+01,7.258187455647743924e+00,-3.623604844793215207e+00
3.696912707195028513e+00,3.861233982445339663e+00,1.513605812529625005e+01,1.875912098137781925e+00,-2.028891327208908635e+01,7.243335541409940070e+00,-5.152855146792830077e+00
3.872038781812555008e+00,3.872924290679695680e+00,1.448089543156168624e+01,1.865068940175774515e+00,-2.116659652829122606e+01,7.223270802198992868e+00,-6.685701096729538939e+00
4.055460735840830111e+00,3.883674081705617454e+00,1.385173039822106844e+01,1.853387747804646768e+00,-2.207482125576812138e+01,7.197953959499653998e+00,-8.223090857547051158e+00
4.247571552536898665e+00,3.893551865564246484e+00,1.324782300576459626e+01,1.840822720791336353e+00,-2.301370571288274647e+01,7.167338738710158808e+00,-9.765882707118148431e+00
4.448782831127584991e+00,3.902622323042132191e+00,1.266841705440786825e+01,1.827328754959766544e+00,-2.398324261248584222e+01,7.131373990642770444e+00,-1.131482555807797574e+01
4.659525668664682208e+00,3.910946323029090621e+00,1.211274603596462640e+01,1.812862060430360245e+00,-2.498328627961041448e+01,7.090006209399057013e+00,-1.287054024364578808e+01
4.880251583654430902e+00,3.918580980524058344e+00,1.158003831110324100e+01,1.797380850989963141e+00,-2.601354011747740458e+01,7.043182417447416022e+00,-1.443350180637416180e+01
5.111433483440167791e+00,3.925579747124559926e+00,1.106952163774590936e+01,1.780846098781183828e+00,-2.707354470249887868e+01,6.990853378121198780e+00,-1.600402306475296754e+01
5.353566677410724672e+00,3.931992526814890088e+00,1.058042709904752776e+01,1.763222344919950224e+00,-2.816266686746553205e+01,6.932977083338268010e+00,-1.758223976841800251e+01
5.607169938205458060e+00,3.937865810813254708e+00,1.011199248042900578e+01,1.744478552727632081e+00,-2.928009016330821268e+01,6.869522450483129816e+00,-1.916809768287921045e+01
5.872786613189482807e+00,3.943242826127724587e+00,9.663465144889178404e+00,1.724588986162439053e+00,-3.042480711032459695e+01,6.800473147703923971e+00,-2.076134196543541321e+01
6.150985788580500824e+00,3.948163693291176113e+00,9.234104454586457678e+00,1.703534091974904241e+00,-3.159561365606490568e+01,6.725831452219067863e+00,-2.236150920147844445e+01
6.442363508721373755e+00,3.952665589489326781e+00,8.823183784726333911e+00,1.681301360368308018e+00,-3.279110624585579359e+01,6.645622032689404435e+00,-2.396792246112945790e+01
6.747544053110693163e+00,3.956782913960535719e+00,8.429992173331681826e+00,1.657886135831699637e+00,-3.400968188041811402e+01,6.559895535550922752e+00,-2.557968970708643042e+01
7.067181273927491070e+00,3.960547453132227780e+00,8.053835647686517163e+00,1.633292347665321609e+00,-3.524954148131688925e+01,6.468731847766246545e+00,-2.719570583363037386e+01
7.401959996915644879e+00,3.963988543469611159e+00,7.694038265274312671e+00,1.607533128861080796e+00,-3.650869680846777499e+01,6.372242906053182665e+00,-2.881465854319346676e+01
7.752597488629460187e+00,3.967133230452764447e+00,7.349942903989863829e+00,1.580631292714751668e+00,-3.778498107562893438e+01,6.270574926422201045e+00,-3.043503817163906788e+01
8.119844993184013759e+00,3.970006422473779217e+00,7.020911833375891753e+00,1.552619639029557463e+00,-3.907606329257679789e+01,6.163909938606264127e+00,-3.205515145920089992e+01
8.504489341802678126e+00,3.972631038762826083e+00,6.706327095685426620e+00,1.523541066101073760e+00,-4.037946623124400958e+01,6.052466528022932835e+00,-3.367313913555857852e+01
8.907354638610438968e+00,3.975028150717047293e+00,6.405590722744132215e+00,1.493448470781539861e+00,-4.169258777398199811e+01,5.936499713001947676e+00,-3.528699705123786856e+01
9.329304026284686913e+00,3.977217116225282290e+00,6.118124811915031991e+00,1.462404426575305783e+00,-4.301272526317657707e+01,5.816299916218925503e+00,-3.689460045126154597e+01
9.771241535346495866e+00,3.979215706760800497e+00,5.843371481969972692e+00,1.430480638523437653e+00,-4.433710234137556228e+01,5.692191025029683438e+00,-3.849373085940558781e+01
1.023411402105452694e+01,3.981040227158735068e+00,5.580792727358924843e+00,1.397757183064919806e+00,-4.566289765862443062e+01,5.564527573581520947e+00,-4.008210493126550489e+01
1.071891319205127502e+01,3.982705628110022378e+00,5.329870187242590873e+00,1.364321550490554813e+00,-4.698727473682343003e+01,5.433691117690524486e+00,-4.165740454958083205e+01
1.122667773510813660e+01,3.984225611493583674e+00,5.090104843714141403e+00,1.330267516374161518e+00,-4.830741222601800899e+01,5.300085908875895591e+00,-4.321730738230387203e+01
1.175849554052156876e+01,3.985612728737454091e+00,4.861016661876469414e+00,1.295693875845526977e+00,-4.962053376875599753e+01,5.164134004117097554e+00,-4.475951710687953522e+01
1.231550603292826196e+01,3.986878472450869015e+00,4.642144182853907175e+00,1.260703080229331974e+00,-5.092393670742323053e+01,5.026269970718825419e+00,-4.628179252456931181e+01
1.289890261253307990e+01,3.988033361606170502e+00,4.433044079391738279e+00,1.225399819034952653e+00,-5.221501892437105852e+01,4.886935359617554653e+00,-4.778197484497930958e+01
1.350993521198026492e+01,3.989087020574237474e+00,4.233290682421932516e+00,1.189889591354636345e+00,-5.349130319153222501e+01,4.746573124789163600e+00,-4.925801250911029427e+01
1.414991297434575834e+01,3.990048252332445422e+00,4.042475485838163074e+00,1.154277309426942955e+00,-5.475045851868311075e+01,4.605622161185970675e+00,-5.070798303284495034e+01
1.482020705798858629e+01,3.990925106171548720e+00,3.860206635714900969e+00,1.118665973656584933e+00,-5.599031811958189309e+01,4.464512119685904779e+00,-5.213011148386699034e+01
1.552225357427047925e+01,3.991724940229258944e+00,3.686108409313972878e+00,1.083155453120038691e+00,-5.720889375414422773e+01,4.323658636364582364e+00,-5.352278534483024686e+01
1.625755666443794922e+01,3.992454479174763371e+00,3.519820688435222333e+00,1.047841399010001950e+00,-5.840438634393511563e+01,4.183459086942233007e+00,-5.488456565549989108e+01
1.702769172225899652e+01,3.993119867361258013e+00,3.360998430976442020e+00,1.012814311118879429e+00,-5.957519288967541371e+01,4.044288947676603740e+00,-5.621419445869896236e+01
1.783430876931909381e+01,3.993726717753630417e+00,3.209311143961164348e+00,9.781587698698541722e-01,-6.071990983669178377e+01,3.906498813434263084e+00,-5.751059869273063896e+01
1.867913599020782911e+01,3.994280156926512504e+00,3.064442360762536399e+00,9.439528390629443599e-01,-6.183733313253447506e+01,3.770412094143563486e+00,-5.877289077177194088e+01
1.956398343517064831e+01,3.994784866414582858e+00,2.926089124788889606e+00,9.102676378163936377e-01,-6.292645529750113553e+01,3.636323383935879949e+00,-6.000036617271224060e+01
2.049074689815848060e+01,3.995245120682848761e+00,2.793961481494251053e+00,8.771670744473915038e-01,-6.398645988252261674e+01,3.504497474209589569e+00,-6.119249840102835236e+01
2.146141197858403515e+01,3.995664821969924674e+00,2.667781980228058014e+00,8.447077304323606928e-01,-6.501671372038958907e+01,3.375168963334637784e+00,-6.234893174016153239e+01
2.247805833548725118e+01,3.996047532242534839e+00,2.547285187136371754e+00,8.129388791890757027e-01,-6.601675738751416134e+01,3.248542402047517097e+00,-6.346947220037778692e+01
2.354286414322417897e+01,3.996396502484702573e+00,2.432217210066626389e+00,7.819026222096854273e-01,-6.698629428711726064e+01,3.124792904682404338e+00,-6.455407707705062137e+01
2.465811075822603726e+01,3.996714699530618642e+00,2.322335236203977971e+00,7.516341239510209160e-01,-6.792517874423189994e+01,3.004067151863863749e+00,-6.560284350802790243e+01
2.582618760682677461e+01,3.997004830636117223e+00,2.217407082975649590e+00,7.221619267114635088e-01,-6.883340347170879170e+01,2.886484709567204376e+00,-6.661599638873313722e+01
2.704959730463134449e+01,3.997269365970150812e+00,2.117210762595864715e+00,6.935083273186452013e-01,-6.971108672791092431e+01,2.772139591836020767e+00,-6.759387596531506404e+01
2.833096101839324277e+01,3.997510559194714208e+00,2.021534060484750484e+00,6.656897986364757047e-01,-7.055845944408110881e+01,2.661101999197514001e+00,-6.853692538359636899e+01
2.967302408188869478e+01,3.997730466289309614e+00,1.930174127676854257e+00,6.387174404965005881e-01,-7.137585255512135518e+01,2.553420171223189428e+00,-6.944567842744450559e+01
3.107866187782013867e+01,3.997930962764451479e+00,1.842937087235593685e+00,6.125974465069576880e-01,-7.216368472389163458e+01,2.449122299100606526e+00,-7.032074763665605133e+01
3.255088599835060137e+01,3.998113759397675882e+00,1.759637654607092205e+00,5.873315751561881681e-01,-7.292245060775556453e+01,2.348218451960665920e+00,-7.116281295314847455e+01
3.409285069746810848e+01,3.998280416615229704e+00,1.680098771777771560e+00,5.629176155944840554e-01,-7.365270977812606645e+01,2.250702478599166056e+00,-7.197261100634828779e+01
3.570785964900462517e+01,3.998432357633000755e+00,1.604151255043290591e+00,5.393498403658986140e-01,-7.435507636991489733e+01,2.156553853803202081e+00,-7.275092511487159186e+01
3.739937302478797676e+01,3.998570880461190136e+00,1.531633456150081285e+00,5.166194391095773053e-01,-7.503020950842177683e+01,2.065739445503749216e+00,-7.349857605227170154e+01
3.917101490809260866e+01,3.998697168868917462e+00,1.462390936533390473e+00,4.947149288209956586e-01,-7.567880453638501592e+01,1.978215185273703547e+00,-7.421641359985163433e+01
4.102658105827194390e+01,3.998812302397108276e+00,1.396276154346232756e+00,4.736225376374317286e-01,-7.630158504350259818e+01,1.893927630197099310e+00,-7.490530888915635899e+01
4.297004704320839608e+01,3.998917265500849361e+00,1.333148163950780285e+00,4.533265602834478103e-01,-7.689929568442902053e+01,1.812815408827590735e+00,-7.556614752047825334e+01
4.500557675700497384e+01,3.999012955895697718e+00,1.272872327526517244e+00,4.338096842861516866e-01,-7.747269575865811930e+01,1.734810547853342655e+00,-7.619982343113159118e+01
4.713753134116723942e+01,3.999100192176247681e+00,1.215320038437189387e+00,4.150532868589533741e-01,-7.802255351637519709e+01,1.659839679241023047e+00,-7.680723347793799860e+01
4.937047852839003781e+01,3.999179720769599378e+00,1.160368455990327785e+00,3.970377029734361574e-01,-7.854964114784098683e+01,1.587825130112309413e+00,-7.738927269185066393e+01
5.170920242896760755e+01,3.999252222281102220e+00,1.107900251218450149e+00,3.797424656114236075e-01,-7.905473040970423426e+01,1.518685899490990865e+00,-7.794683015848579544e+01
5.415871378079470588e+01,3.999318317284902502e+00,1.057803363309226086e+00,3.631465195336728291e-01,-7.953858883940716851e+01,1.452338527429277271e+00,-7.848078547609794953e+01
5.672426068491977702e+01,3.999378571607413946e+00,1.009970766312567658e+00,3.472284101379092269e-01,-8.000197650816377859e+01,1.388697862958864659e+00,-7.899200574185121582e+01
5.941133984965033932e+01,3.999433501147717784e+00,9.643002457553330187e-01,3.319664491259877726e-01,-8.044564326351377304e+01,1.327677737891524767e+00,-7.948134301775843369e+01
6.222570836730231036e+01,3.999483576275130403e+00,9.206941847987029082e-01,3.173388587749370049e-01,-8.087032641389137666e+01,1.269191553784253523e+00,-7.994963222909268552e+01
6.517339604882427295e+01,3.999529225840795288e+00,8.790593595791010850e-01,3.033238966247907009e-01,-8.127674880974808502e+01,1.213152789446762414e+00,-8.039768945016898272e+01
6.826071834272386241e+01,3.999570840836904839e+00,8.393067433804052291e-01,2.898999623705620365e-01,-8.166561727832423401e+01,1.159475436257016101e+00,-8.082631053494381490e+01
7.149428986597577307e+01,3.999608777734355858e+00,8.013513192929919704e-01,2.770456886876865310e-01,-8.203762137200897087e+01,1.108074368308730628e+00,-8.123627005271598023e+01
7.488103857590023438e+01,3.999643361526909580e+00,7.651119010236465678e-01,2.647400176390715121e-01,-8.239343239322506918e+01,1.058865654080629159e+00,-8.162832049220143915e+01
7.842822061337682271e+01,3.999674888507563697e+00,7.305109615293652325e-01,2.529622642151344025e-01,-8.273370266182055843e+01,1.011766815921288476e+00,-8.200319170029118254e+01
8.214343584919430441e+01,3.999703628800553190e+00,6.974744691574981115e-01,2.416921684520351998e-01,-8.305906499396289178e+01,9.666970432102798272e-01,-8.236159052480539344e+01
8.603464416684499838e+01,3.999729828670430365e+00,6.659317309843413302e-01,2.309099374624913326e-01,-8.337013236445451980e+01,9.235773646051502750e-01,-8.270420063347017958e+01
9.011018251665018397e+01,3.999753712627760471e+00,6.358152430541282873e-01,2.205962786018109689e-01,-8.366749772717889755e+01,8.823307843294608821e-01,-8.303168248412477226e+01
9.437878277775381264e+01,3.999775485349273296e+00,6.070605472302988970e-01,2.107324248818811530e-01,-8.395173397101591206e+01,8.428823870107553518e-01,-8.334467342378562194e+01
9.884959046625586154e+01,3.999795333428802557e+00,5.796060943808379884e-01,2.013001536397751867e-01,-8.422339399101826984e+01,8.051594151468737248e-01,-8.364378789663741998e+01
1.035321843295662632e+02,3.999813426973846564e+00,5.533931136293823716e-01,1.922817993668404779e-01,-8.448301085690665957e+01,7.690913228701797832e-01,-8.392961774327729074e+01
1.084365968689610895e+02,3.999829921061345939e+00,5.283654874135614854e-01,1.836602615094517776e-01,-8.473109806302066715e+01,7.346098092954566061e-01,-8.420273257560710078e+01
1.135733358343105124e+02,3.999844957065060047e+00,5.044696321016931551e-01,1.754190079646162637e-01,-8.496814984575554774e+01,7.016488343806258632e-01,-8.446368021365385914e+01
1.189534067370319548e+02,3.999858663865838437e+00,4.816543839284215256e-01,1.675420749125007547e-01,-8.519464155623188617e+01,6.701446199008254112e-01,-8.471298717230345687e+01
1.245883364295008136e+02,3.999871158955097705e+00,4.598708900191765259e-01,1.600140635537385669e-01,-8.541103007748941423e+01,6.400356378358070808e-01,-8.495115918747025319e+01
1.304901978014403028e+02,3.999882549440926471e+00,4.390725042823669377e-01,1.528201342518762107e-01,-8.561775427688495199e+01,6.112625881972992836e-01,-8.517868177260257312e+01
1.366716356462007411e+02,3.999892932965360970e+00,4.192146879570664009e-01,1.459459985203014065e-01,-8.581523548561176540e+01,5.837683680759268023e-01,-8.539602079765469966e+01
1.431458937523478596e+02,3.999902398540709836e+00,4.002549146125125579e-01,1.393779092380679208e-01,-8.600387799836143188e+01,5.574980334649374258e-01,-8.560362308374894269e+01
1.499268432786045651e+02,3.999911027312017531e+00,3.821525794040613877e-01,1.331026494298236107e-01,-8.618406958712637334e+01,5.323987552187972039e-01,-8.580191700772232366e+01
1.570290124729377510e+02,3.999918893252213614e+00,3.648689123983085980e-01,1.271075199011308110e-01,-8.635618202400581822e+01,5.084197703269649482e-01,-8.599131311160749647e+01
1.644676177994664386e+02,3.999926063795867570e+00,3.483668957878672257e-01,1.213803259813995700e-01,-8.652057160864012531e+01,4.855123295250388105e-01,-8.617220471285224903e+01
1.722585965398787380e+02,3.999932600416967077e+00,3.326111848238388902e-01,1.159093635920324661e-01,-8.667757969656750561e+01,4.636296421253540134e-01,-8.634496851174367293e+01
1.804186409392071653e+02,3.999938559155667761e+00,3.175680323012717854e-01,1.106834048267721499e-01,-8.682753322538378882e+01,4.427268188252425074e-01,-8.650996519308250754e+01
1.889652339691209590e+02,3.999943991098511731e+00,3.032052164399010596e-01,1.056916832042699012e-01,-8.697074523609870766e+01,4.227608131420069193e-01,-8.666754001965880150e+01
1.979166867853557505e+02,3.999948942816215158e+00,2.894919720092238302e-01,1.009238787291875800e-01,-8.710751538752946033e+01,4.036903620277256799e-01,-8.681802341552024416e+01
2.072921779595371845e+02,3.999953456762785908e+00,2.763989245534315686e-01,9.637010287735642278e-02,-8.723813046195972731e+01,3.854759261328670750e-01,-8.696173153740629402e+01
2.171117945694505238e+02,3.999957571639373377e+00,2.638980275779809204e-01,9.202088360234106368e-02,-8.736286486062981282e+01,3.680796301141296967e-01,-8.709896683305184695e+01
2.273965752357927386e+02,3.999961322725972934e+00,2.519625025655693462e-01,8.786715044489643023e-02,-8.748198108791461891e+01,3.514652033177299573e-01,-8.723001858534905750e+01
2.381685551976158308e+02,3.999964742183811595e+00,2.405667816950413374e-01,8.390021981300194165e-02,-8.759573022329617231e+01,3.355979211134794138e-01,-8.735516344160113533e+01
2.494508135230316554e+02,3.999967859331022169e+00,2.296864531422820044e-01,8.011178048817776953e-02,-8.770435238045368465e+01,3.204445471064932272e-01,-8.747466592731142043e+01
2.612675225563328922e+02,3.999970700893951125e+00,2.192982088474485225e-01,7.649387940340623970e-02,-8.780807715297822824e+01,3.059732764113401449e-01,-8.758877894413078025e+01
2.736439997074671737e+02,3.999973291236253115e+00,2.093797946379800934e-01,7.303890772902164874e-02,-8.790712404637616828e+01,2.921536801371555914e-01,-8.769774425173818599e+01
2.866067616948250247e+02,3.999975652567746121e+00,1.999099626016974385e-01,6.973958729521011202e-02,-8.800170289615958552e+01,2.789566512009633015e-01,-8.780179293355789127e+01
3.001835813575589214e+02,3.999977805134803166e+00,1.908684256089687725e-01,6.658895737312907348e-02,-8.809201427193433176e+01,2.663543515595838129e-01,-8.790114584632536321e+01
3.144035471591499800e+02,3.999979767393915253e+00,1.822358138873990119e-01,6.358036183098150773e-02,-8.817824986749145921e+01,2.543201609275104191e-01,-8.799601405360405693e+01
3.292971255097151584e+02,3.999981556169919461e+00,1.739936335567699999e-01,6.070743667653448472e-02,-8.826059287698743105e+01,2.428286270284912840e-01,-8.808659924343065484e+01
3.448962260405759821e+02,3.999983186800236012e+00,1.661242270360711593e-01,5.796409799345819680e-02,-8.833921835736359185e+01,2.318554174118740707e-01,-8.817309413032752730e+01
3.612342699709430462e+02,3.999984673266355095e+00,1.586107352383747116e-01,5.534453027537816067e-02,-8.841429357721018789e+01,2.213772728506384069e-01,-8.825568284197180446e+01
3.783462617131929164e+02,3.999986028313710307e+00,1.514370614730681519e-01,5.284317515860166570e-02,-8.848597835232345687e+01,2.113719623261407221e-01,-8.833454129085038176e+01
3.962688638701478112e+02,3.999987263560941919e+00,1.445878369785499606e-01,5.045472055202714773e-02,-8.855442536824024558e+01,2.018182395946351293e-01,-8.840983753126170086e+01
4.150404757850476472e+02,3.999988389599518523e+00,1.380483880119247053e-01,4.817409016070316879e-02,-8.861978049006191327e+01,1.926958013223330490e-01,-8.848173210204998895e+01
4.347013158125026280e+02,3.999989416084535510e+00,1.318047044255263589e-01,4.599643339782375634e-02,-8.868218305990073702e+01,1.839852467689322424e-01,-8.855037835547518910e+01
4.552935074866947502e+02,3.999990351817499068e+00,1.258434096632353727e-01,4.391711567857279480e-02,-8.874176618229813585e+01,1.756680389939442311e-01,-8.861592277263490303e+01
4.768611697714469528e+02,3.999991204821789381e+00,1.201517321125616378e-01,4.193170908812265951e-02,-8.879865699797504419e+01,1.677264675556365270e-01,-8.867850526586248350e+01
4.994505115855139934e+02,3.999991982411448266e+00,1.147174777513374072e-01,4.003598341521485277e-02,-8.885297694628198428e+01,1.601436126688170480e-01,-8.873825946853064295e+01
5.231099308056263908e+02,3.999992691253890342e+00,1.095290040306065998e-01,3.822589754206540125e-02,-8.890484201672080644e+01,1.529033107848816742e-01,-8.879531301269018684e+01
5.478901179593945017e+02,3.999993337427069751e+00,1.045751949379235407e-01,3.649759118082405301e-02,-8.895436298991033652e+01,1.459901215554331999e-01,-8.884978779497241419e+01
5.738441648302392650e+02,3.999993926471596684e+00,9.984543718778025878e-02,3.484737694644173683e-02,-8.900164566836802749e+01,1.393892961392332874e-01,-8.890180023118023200e+01
6.010276782070382069e+02,3.999994463438234060e+00,9.532959748827596336e-02,3.327173275554930892e-02,-8.904679109747550569e+01,1.330867468111937846e-01,-8.895146149998723217e+01
6.294988990221887661e+02,3.999994952931211767e+00,9.101800083543554187e-02,3.176729454080111370e-02,-8.908989577699195195e+01,1.270690178314837215e-01,-8.899887777615650464e+01
6.593188271333548300e+02,3.999995399147698194e+00,8.690140978876562117e-02,3.033084927007218337e-02,-8.913105186347253550e+01,1.213232575325310508e-01,-8.904415045368375559e+01
6.905513520162330678e+02,3.999995805913793667e+00,8.297100468373243276e-02,2.895932825990792103e-02,-8.917034736394261074e+01,1.158371915817124898e-01,-8.908737635925886877e+01
7.232633896483533817e+02,3.999996176717330876e+00,7.921836473883819840e-02,2.764980077269312345e-02,-8.920786632116976023e+01,1.105990973777683933e-01,-8.912864795643091043e+01
7.575250258771912968e+02,3.999996514737783393e+00,7.563545001688132263e-02,2.639946788712540723e-02,-8.924368899086765339e+01,1.055977795394336394e-01,-8.916805354085077795e+01
7.934096665797492278e+02,3.999996822873526980e+00,7.221458420180851268e-02,2.520565663173808188e-02,-8.927789201115621154e+01,1.008225464453933601e-01,-8.920567742695440927e+01
8.309941949353395785e+02,3.999997103766690376e+00,6.894843815430466705e-02,2.406581437140837415e-02,-8.931054856459341806e+01,9.626318778542029830e-02,-8.924160012643909567e+01
8.703591361485165407e+02,3.999997359825811838e+00,6.583001421093157002e-02,2.297750343700621228e-02,-8.934172853308399453e+01,9.190995308341338987e-02,-8.927589851887306338e+01
9.115888299750828310e+02,3.999997593246490180e+00,6.285263119321155001e-02,2.193839598857726808e-02,-8.937149864596086957e+01,8.775353115399753268e-02,-8.930864601476766040e+01
9.547716114208055842e+02,3.999997806030209269e+00,6.000991009457039282e-02,2.094626910270889000e-02,-8.939992262152452440e+01,8.378503045535390381e-02,-8.933991271142994606e+01
1.000000000000000000e+03,3.999998000001499854e+00,5.729576041450060858e-02,1.999900007499374674e-02,-8.942706130231653106e+01,7.999596030200485652e-02,-8.936976554190201227e+01
